15	Tribeca		
23	Tribeca		
29	Tribeca		
37	Tribeca		
42	Tribeca		
51	Tribeca		
72	Gowanus		
86	Gowanus		
94	Lynnfield		
99	Upper West Side		
100	Union Square		
106	Chelsea		
107	Roosevelt Square		
113	Tanasbourne		
114	Union Square		
115	Lynnwood		
118	Hollywood		
121	Roosevelt Square		
123	Bridgeport		
128	Brighton		
135	Fresh Pond		
143	Newton		
153	Tribeca		
169	Tribeca		
170	University Heights		
174	Chelsea		
181	Bowery		
183	Chelsea		
187	University Heights		
202	Bowery		
205	Darien		
221	Darien		
235	Nashua		
236	Melrose		
239	West Hartford		
275	Melrose		
280	Cranston		
281	Tribeca		
282	Chelsea		
283	River St.		
284	Tanasbourne		
285	Portland		
286	Redmond		
287	Dedham		
288	Hollywood		
289	Upper West Side		
295	Tribeca		
296	River St.		
297	Dedham		
300	Chelsea		
304	Fresh Pond		
307	Brighton		
310	University Heights		
338	West Hartford		
339	Melrose		
354	Darien		
